Timestamp,Source IP,Source Port,Destination IP,Destination Port,Protocol,Length,Sequence Number,Acknowledgment Number,Flags,Window Size,Checksum,Payload (Hex),Truncated
2024-09-07T13:48:10.534Z,172.20.165.17,5353,224.0.0.251,5353,UDP,85,,,,,0000,01005e0000fbe00af690bdbb080045000047ca3400000111bd50ac14a511...,No
2024-09-07T13:48:10.536Z,0.0.0.0,53325,188.35.219.22,56581,Other,105,,,,,,3333000000fbe00af690bdbb86dd600b497a00331101fe80000000000000...,No
2024-09-07T13:48:10.744Z,162.159.135.234,443,172.20.165.17,61130,TCP,164,37494110,1343750159,18,15,358c,e00af690bdbb68e59e61f51f08004500009625a600003f06da0ca29f87ea...,No
2024-09-07T13:48:10.796Z,172.20.165.17,61130,162.159.135.234,443,TCP,54,3035175417,1343226366,10,510,5324,68e59e61f51fe00af690bdbb0800450000285a8140008006249fac14a511...,No
2024-09-07T13:48:10.798Z,162.159.135.234,443,172.20.165.17,61130,TCP,97,37494110,1343750159,18,15,2dfa,e00af690bdbb68e59e61f51f08004500005325a800003f06da4da29f87ea...,No
2024-09-07T13:48:10.844Z,172.20.165.17,61130,162.159.135.234,443,TCP,54,3035175460,1343226366,10,510,52f9,68e59e61f51fe00af690bdbb0800450000285a8240008006249eac14a511...,No
2024-09-07T13:48:11.274Z,52.111.252.17,443,172.20.165.17,53790,TCP,60,3614162542,1343291787,11,395,5ea1,e00af690bdbb68e59e61f51f080045000028036c00003f06f6bd346ffc11...,No
2024-09-07T13:48:11.274Z,172.20.165.17,53790,52.111.252.17,443,TCP,54,1618215897,1343226367,10,511,5e2d,68e59e61f51fe00af690bdbb0800450000283c90400080063c99ac14a511...,No
2024-09-07T13:48:11.275Z,172.20.165.17,53790,52.111.252.17,443,TCP,54,1618215897,1343291903,11,511,5e2c,68e59e61f51fe00af690bdbb0800450000283c91400080063c98ac14a511...,No
2024-09-07T13:48:11.275Z,52.111.252.17,443,172.20.165.17,53790,TCP,60,3614162543,1343226251,10,395,5ea0,e00af690bdbb68e59e61f51f080045000028000040003f06ba29346ffc11...,No
2024-09-07T13:48:12.071Z,172.20.165.17,61204,162.159.128.233,443,TCP,55,768782631,1343226364,10,508,397b,68e59e61f51fe00af690bdbb0800450000299fbb40008006e664ac14a511...,No
2024-09-07T13:48:12.073Z,162.159.128.233,443,172.20.165.17,61204,TCP,66,1902362241,2148532244,10,20,a582,e00af690bdbb68e59e61f51f0800450000349c6b00003f066aaaa29f80e9...,No
2024-09-07T13:48:12.220Z,162.159.135.234,443,172.20.165.17,61130,TCP,95,37494110,1343750159,18,15,14c1,e00af690bdbb68e59e61f51f08004500005125f400003f06da03a29f87ea...,No
2024-09-07T13:48:12.265Z,172.20.165.17,61130,162.159.135.234,443,TCP,54,3035175501,1343226366,10,510,52d0,68e59e61f51fe00af690bdbb0800450000285a8340008006249dac14a511...,No
2024-09-07T13:48:12.671Z,172.20.165.17,54110,20.42.73.28,443,TCP,168,399848033,1343750654,18,510,bd3a,68e59e61f51fe00af690bdbb08004500009a929340008006b95eac14a511...,No
2024-09-07T13:48:12.671Z,172.20.165.17,54110,20.42.73.28,443,TCP,1436,399848033,1343226366,10,510,6f49,68e59e61f51fe00af690bdbb08004500058e929440008006b469ac14a511...,No
2024-09-07T13:48:12.671Z,172.20.165.17,54110,20.42.73.28,443,TCP,1436,399848033,1343226366,10,510,5a0b,68e59e61f51fe00af690bdbb08004500058e929540008006b468ac14a511...,No
2024-09-07T13:48:12.671Z,172.20.165.17,54110,20.42.73.28,443,TCP,1436,399848033,1343226366,10,510,c0b8,68e59e61f51fe00af690bdbb08004500058e929640008006b467ac14a511...,No
2024-09-07T13:48:12.671Z,172.20.165.17,54110,20.42.73.28,443,TCP,1436,399848033,1343226366,10,510,2cf2,68e59e61f51fe00af690bdbb08004500058e929740008006b466ac14a511...,No
2024-09-07T13:48:12.671Z,172.20.165.17,54110,20.42.73.28,443,TCP,1436,399848033,1343226366,10,510,654e,68e59e61f51fe00af690bdbb08004500058e929840008006b465ac14a511...,No
2024-09-07T13:48:12.672Z,172.20.165.17,54110,20.42.73.28,443,TCP,1436,399848033,1343226366,10,510,c80a,68e59e61f51fe00af690bdbb08004500058e929940008006b464ac14a511...,No
2024-09-07T13:48:12.672Z,172.20.165.17,54110,20.42.73.28,443,TCP,1436,399848033,1343226366,10,510,0b99,68e59e61f51fe00af690bdbb08004500058e929a40008006b463ac14a511...,No
2024-09-07T13:48:12.672Z,172.20.165.17,54110,20.42.73.28,443,TCP,1436,399848033,1343226366,10,510,3cad,68e59e61f51fe00af690bdbb08004500058e929b40008006b462ac14a511...,No
2024-09-07T13:48:12.673Z,172.20.165.17,54110,20.42.73.28,443,TCP,343,399848033,1343750654,18,510,32b4,68e59e61f51fe00af690bdbb080045000149929c40008006b8a6ac14a511...,No
2024-09-07T13:48:12.676Z,20.42.73.28,443,172.20.165.17,54110,TCP,60,1215405120,1343226496,10,640,fae6,e00af690bdbb68e59e61f51f08004500002821c200003f06aba2142a491c...,No
2024-09-07T13:48:12.676Z,20.42.73.28,443,172.20.165.17,54110,TCP,60,1215406502,1343226491,10,635,f585,e00af690bdbbb01f8c2cc03008004500002821c300003f06aba1142a491c...,No
2024-09-07T13:48:12.677Z,20.42.73.28,443,172.20.165.17,54110,TCP,60,1215407884,1343226486,10,630,f024,e00af690bdbbb01f8c2cc03008004500002821c400003f06aba0142a491c...,No
2024-09-07T13:48:12.677Z,20.42.73.28,443,172.20.165.17,54110,TCP,60,1215409266,1343226481,10,625,eac3,e00af690bdbbb01f8c2cc03008004500002821c500003f06ab9f142a491c...,No
2024-09-07T13:48:12.678Z,20.42.73.28,443,172.20.165.17,54110,TCP,60,1215410648,1343226490,10,634,e554,e00af690bdbbb01f8c2cc03008004500002821c600003f06ab9e142a491c...,No
2024-09-07T13:48:12.678Z,20.42.73.28,443,172.20.165.17,54110,TCP,60,1215412030,1343226485,10,629,dff3,e00af690bdbbb01f8c2cc03008004500002821c700003f06ab9d142a491c...,No
2024-09-07T13:48:12.678Z,20.42.73.28,443,172.20.165.17,54110,TCP,60,1215413412,1343226490,10,634,da88,e00af690bdbbb01f8c2cc03008004500002821c800003f06ab9c142a491c...,No
2024-09-07T13:48:12.679Z,20.42.73.28,443,172.20.165.17,54110,TCP,60,1215414794,1343226490,10,634,d522,e00af690bdbbb01f8c2cc03008004500002821c900003f06ab9b142a491c...,No
2024-09-07T13:48:12.679Z,20.42.73.28,443,172.20.165.17,54110,TCP,60,1215416176,1343226490,10,634,cfbc,e00af690bdbbb01f8c2cc03008004500002821ca00003f06ab9a142a491c...,No
2024-09-07T13:48:12.679Z,20.42.73.28,443,172.20.165.17,54110,TCP,60,1215416465,1343226490,10,634,ce9b,e00af690bdbbb01f8c2cc03008004500002821cb00003f06ab99142a491c...,No
2024-09-07T13:48:12.720Z,162.159.135.234,443,172.20.165.17,61130,TCP,322,37494110,1343750159,18,15,ad8e,e00af690bdbb68e59e61f51f080045000134261e00003f06d8f6a29f87ea...,No
2024-09-07T13:48:12.765Z,172.20.165.17,61130,162.159.135.234,443,TCP,54,3035175769,1343226365,10,509,51c5,68e59e61f51fe00af690bdbb0800450000285a8440008006249cac14a511...,No
2024-09-07T13:48:12.767Z,162.159.135.234,443,172.20.165.17,61130,TCP,140,37494110,1343750159,18,15,e3f3,e00af690bdbb68e59e61f51f08004500007e262300003f06d9a7a29f87ea...,No
2024-09-07T13:48:12.789Z,172.20.165.17,52056,8.8.4.4,443,TCP,55,2221891869,1343226368,10,512,dc47,68e59e61f51fe00af690bdbb080045000029cfee40008006cdaeac14a511...,No
2024-09-07T13:48:12.790Z,8.8.4.4,443,172.20.165.17,52056,TCP,66,120896134,2148532835,10,611,2259,e00af690bdbb68e59e61f51f080045000034fe2200003f06207008080404...,No
2024-09-07T13:48:12.791Z,172.20.165.17,52040,20.42.65.85,443,TCP,139,479563053,1343750653,18,509,4772,68e59e61f51fe00af690bdbb08004500007d10f34000800642e3ac14a511...,No
2024-09-07T13:48:12.791Z,172.20.165.17,52040,20.42.65.85,443,TCP,994,479563053,1343750653,18,509,69e4,68e59e61f51fe00af690bdbb0800450003d410f4400080063f8bac14a511...,No
2024-09-07T13:48:12.791Z,20.42.65.85,443,172.20.165.17,52040,TCP,60,376984217,1343226496,10,640,26d8,e00af690bdbb68e59e61f51f0800450000287ed100003f06565a142a4155...,No
2024-09-07T13:48:12.792Z,20.42.65.85,443,172.20.165.17,52040,TCP,60,376985157,1343226493,10,637,232f,e00af690bdbbb01f8c2cc0300800450000287ed200003f065659142a4155...,No
2024-09-07T13:48:12.807Z,172.20.165.17,61130,162.159.135.234,443,TCP,54,3035175855,1343226364,10,508,5170,68e59e61f51fe00af690bdbb0800450000285a8540008006249bac14a511...,No
2024-09-07T13:48:13.031Z,20.42.65.85,443,172.20.165.17,52040,TCP,86,376985157,1343750784,18,640,c93e,e00af690bdbb68e59e61f51f080045000048812400003f0653e7142a4155...,No
2024-09-07T13:48:13.074Z,172.20.165.17,52040,20.42.65.85,443,TCP,54,479563085,1343226365,10,509,238f,68e59e61f51fe00af690bdbb08004500002810f5400080064336ac14a511...,No
2024-09-07T13:48:13.100Z,20.42.73.28,443,172.20.165.17,54110,TCP,154,1215416465,1343750784,18,640,73fb,e00af690bdbb68e59e61f51f08004500008c21dc00003f06ab24142a491c...,No
2024-09-07T13:48:13.101Z,172.20.165.17,54110,20.42.73.28,443,TCP,89,399848133,1343750653,18,509,81d4,68e59e61f51fe00af690bdbb08004500004b929d40008006b9a3ac14a511...,No
2024-09-07T13:48:13.101Z,20.42.73.28,443,172.20.165.17,54110,TCP,60,1215416500,1343226496,10,640,ce0e,e00af690bdbb68e59e61f51f08004500002821dd00003f06ab87142a491c...,No
2024-09-07T13:48:13.175Z,162.159.135.234,443,172.20.165.17,61130,TCP,97,37494110,1343750159,18,15,8306,e00af690bdbb68e59e61f51f080045000053263700003f06d9bea29f87ea...,No
2024-09-07T13:48:13.229Z,172.20.165.17,61130,162.159.135.234,443,TCP,54,3035175898,1343226364,10,508,5145,68e59e61f51fe00af690bdbb0800450000285a8640008006249aac14a511...,No
2024-09-07T13:48:13.436Z,20.42.65.85,443,172.20.165.17,52040,TCP,148,376985157,1343750784,18,640,cec1,e00af690bdbb68e59e61f51f080045000086814600003f065387142a4155...,No
2024-09-07T13:48:13.436Z,172.20.165.17,52040,20.42.65.85,443,TCP,89,479563179,1343750652,18,508,ffcd,68e59e61f51fe00af690bdbb08004500004b10f6400080064312ac14a511...,No
2024-09-07T13:48:13.439Z,20.42.65.85,443,172.20.165.17,52040,TCP,60,376985192,1343226496,10,640,228b,e00af690bdbb68e59e61f51f080045000028814700003f0653e4142a4155...,No
2024-09-07T13:48:13.439Z,172.20.165.17,52040,20.42.65.85,443,TCP,134,479563179,1343750652,18,508,c081,68e59e61f51fe00af690bdbb08004500007810f74000800642e4ac14a511...,No
2024-09-07T13:48:13.439Z,172.20.165.17,52040,20.42.65.85,443,TCP,931,479563179,1343750652,18,508,46dc,68e59e61f51fe00af690bdbb08004500039510f8400080063fc6ac14a511...,No
2024-09-07T13:48:13.441Z,20.42.65.85,443,172.20.165.17,52040,TCP,60,376985272,1343226496,10,640,223b,e00af690bdbb68e59e61f51f080045000028814800003f0653e3142a4155...,No
2024-09-07T13:48:13.442Z,20.42.65.85,443,172.20.165.17,52040,TCP,60,376986149,1343226493,10,637,1ed1,e00af690bdbbb01f8c2cc030080045000028814900003f0653e2142a4155...,No
2024-09-07T13:48:13.499Z,162.159.135.234,443,172.20.165.17,61130,TCP,254,37494110,1343750159,18,15,300d,e00af690bdbb68e59e61f51f0800450000f0265400003f06d904a29f87ea...,No
2024-09-07T13:48:13.541Z,172.20.165.17,61130,162.159.135.234,443,TCP,54,3035176098,1343226364,10,508,507d,68e59e61f51fe00af690bdbb0800450000285a87400080062499ac14a511...,No
2024-09-07T13:50:44.815Z,162.159.135.234,443,172.20.165.17,61130,TCP,157,37496745,1343750160,18,16,2580,e00af690bdbb68e59e61f51f08004500008f532300003f06ac96a29f87ea...,No
2024-09-07T13:50:44.853Z,172.20.165.17,61130,162.159.135.234,443,TCP,54,3035198094,1343226366,10,510,f043,68e59e61f51fe00af690bdbb0800450000285b314000800623efac14a511...,No
2024-09-07T13:50:44.855Z,162.159.135.234,443,172.20.165.17,61130,TCP,118,37496745,1343750160,18,16,f326,e00af690bdbb68e59e61f51f080045000068532700003f06acb9a29f87ea...,No
2024-09-07T13:50:44.894Z,172.20.165.17,61130,162.159.135.234,443,TCP,54,3035198158,1343226366,10,510,f003,68e59e61f51fe00af690bdbb0800450000285b324000800623eeac14a511...,No
2024-09-07T13:50:45.892Z,172.20.165.17,61303,52.123.164.131,443,TCP,112,4120260254,1343750655,18,511,d0e8,68e59e61f51fe00af690bdbb0800450000626263400080066e0eac14a511...,No
2024-09-07T13:50:45.920Z,52.123.164.131,443,172.20.165.17,61303,TCP,101,1561438086,1343750377,18,233,cb88,e00af690bdbb68e59e61f51f0800450000578fd500003f06c1a7347ba483...,No
2024-09-07T13:50:45.954Z,162.159.135.234,443,172.20.165.17,61130,TCP,300,37496745,1343750160,18,16,7b3e,e00af690bdbb68e59e61f51f08004500011e536600003f06abc4a29f87ea...,No
2024-09-07T13:50:45.962Z,172.20.165.17,61303,52.123.164.131,443,TCP,54,4120260301,1343226367,10,511,6982,68e59e61f51fe00af690bdbb0800450000286264400080066e47ac14a511...,No
2024-09-07T13:50:45.992Z,172.20.165.17,50190,172.64.155.209,443,TCP,55,3125300533,1343226368,10,512,3a70,68e59e61f51fe00af690bdbb080045000029a48540008006bd11ac14a511...,No
2024-09-07T13:50:45.993Z,172.64.155.209,443,172.20.165.17,50190,TCP,66,3942064621,2148532244,10,20,ec7b,e00af690bdbb68e59e61f51f080045000034bef000003f06239cac409bd1...,No
2024-09-07T13:50:45.996Z,172.20.165.17,61130,162.159.135.234,443,TCP,54,3035198404,1343226365,10,509,ef0e,68e59e61f51fe00af690bdbb0800450000285b334000800623edac14a511...,No
2024-09-07T13:50:46.707Z,162.159.135.234,443,172.20.165.17,61130,TCP,382,37496745,1343750160,18,16,6db7,e00af690bdbb68e59e61f51f080045000170539900003f06ab3fa29f87ea...,No
2024-09-07T13:50:46.758Z,172.20.165.17,61130,162.159.135.234,443,TCP,54,3035198732,1343226363,10,507,edc8,68e59e61f51fe00af690bdbb0800450000285b344000800623ecac14a511...,No
2024-09-07T13:50:46.922Z,162.159.135.234,443,172.20.165.17,61130,TCP,107,37496745,1343750160,18,16,113f,e00af690bdbb68e59e61f51f08004500005d53a700003f06ac44a29f87ea...,No
2024-09-07T13:50:46.961Z,172.20.165.17,61130,162.159.135.234,443,TCP,54,3035198785,1343226363,10,507,ed93,68e59e61f51fe00af690bdbb0800450000285b354000800623ebac14a511...,No
2024-09-07T13:50:47.077Z,172.20.165.17,54110,20.42.73.28,443,TCP,172,399848781,1343750656,18,512,4783,68e59e61f51fe00af690bdbb08004500009e92c740008006b926ac14a511...,No
2024-09-07T13:50:47.079Z,172.20.165.17,54110,20.42.73.28,443,TCP,1436,399848781,1343226368,10,512,90c4,68e59e61f51fe00af690bdbb08004500058e92c940008006b434ac14a511...,No
2024-09-07T13:50:47.079Z,172.20.165.17,54110,20.42.73.28,443,TCP,93,399848781,1343750656,18,512,752f,68e59e61f51fe00af690bdbb08004500004f92c840008006b974ac14a511...,No
2024-09-07T13:50:47.080Z,172.20.165.17,54110,20.42.73.28,443,TCP,1436,399848781,1343226368,10,512,55ca,68e59e61f51fe00af690bdbb08004500058e92ca40008006b433ac14a511...,No
2024-09-07T13:50:47.083Z,172.20.165.17,54110,20.42.73.28,443,TCP,1436,399848781,1343226368,10,512,4915,68e59e61f51fe00af690bdbb08004500058e92cd40008006b430ac14a511...,No
2024-09-07T13:50:47.084Z,172.20.165.17,54110,20.42.73.28,443,TCP,1436,399848781,1343226368,10,512,c813,68e59e61f51fe00af690bdbb08004500058e92ce40008006b42fac14a511...,No
2024-09-07T13:50:47.082Z,172.20.165.17,54110,20.42.73.28,443,TCP,1436,399848781,1343226368,10,512,8799,68e59e61f51fe00af690bdbb08004500058e92cc40008006b431ac14a511...,No
2024-09-07T13:50:47.081Z,172.20.165.17,54110,20.42.73.28,443,TCP,1436,399848781,1343226368,10,512,e523,68e59e61f51fe00af690bdbb08004500058e92cb40008006b432ac14a511...,No
2024-09-07T13:50:47.085Z,172.20.165.17,54110,20.42.73.28,443,TCP,844,399848781,1343750656,18,512,86b8,68e59e61f51fe00af690bdbb08004500033e92cf40008006b67eac14a511...,No
2024-09-07T13:50:47.086Z,20.42.73.28,443,172.20.165.17,54110,TCP,60,1215447060,1343226496,10,640,5426,e00af690bdbb68e59e61f51f08004500002861d800003f066b8c142a491c...,No
2024-09-07T13:50:47.086Z,20.42.73.28,443,172.20.165.17,54110,TCP,60,1215447099,1343226496,10,640,53ff,e00af690bdbbb01f8c2cc03008004500002861d900003f066b8b142a491c...,No
2024-09-07T13:50:47.088Z,20.42.73.28,443,172.20.165.17,54110,TCP,60,1215449863,1343226486,10,630,493d,e00af690bdbbb01f8c2cc03008004500002861db00003f066b89142a491c...,No
2024-09-07T13:50:47.089Z,20.42.73.28,443,172.20.165.17,54110,TCP,60,1215451245,1343226481,10,625,43dc,e00af690bdbbb01f8c2cc03008004500002861dc00003f066b88142a491c...,No
2024-09-07T13:50:47.087Z,20.42.73.28,443,172.20.165.17,54110,TCP,60,1215448481,1343226491,10,635,4e9e,e00af690bdbbb01f8c2cc03008004500002861da00003f066b8a142a491c...,No
2024-09-07T13:50:47.091Z,20.42.73.28,443,172.20.165.17,54110,TCP,60,1215455391,1343226480,10,624,33ab,e00af690bdbbb01f8c2cc03008004500002861df00003f066b85142a491c...,No
2024-09-07T13:50:47.091Z,20.42.73.28,443,172.20.165.17,54110,TCP,60,1215454009,1343226485,10,629,390c,e00af690bdbbb01f8c2cc03008004500002861de00003f066b86142a491c...,No
2024-09-07T13:50:47.090Z,20.42.73.28,443,172.20.165.17,54110,TCP,60,1215452627,1343226490,10,634,3e6d,e00af690bdbbb01f8c2cc03008004500002861dd00003f066b87142a491c...,No
2024-09-07T13:50:47.092Z,20.42.73.28,443,172.20.165.17,54110,TCP,60,1215456181,1343226477,10,621,3098,e00af690bdbbb01f8c2cc03008004500002861e000003f066b84142a491c...,No
2024-09-07T13:50:47.159Z,172.20.165.17,52040,20.42.65.85,443,TCP,133,479564988,1343750656,18,512,b3e9,68e59e61f51fe00af690bdbb08004500007711314000800642abac14a511...,No
2024-09-07T13:50:47.162Z,172.20.165.17,52040,20.42.65.85,443,TCP,93,479564988,1343750656,18,512,1ba6,68e59e61f51fe00af690bdbb08004500004f11324000800642d2ac14a511...,No
2024-09-07T13:50:47.163Z,172.20.165.17,52040,20.42.65.85,443,TCP,965,479564988,1343750656,18,512,097b,68e59e61f51fe00af690bdbb0800450003b71133400080063f69ac14a511...,No
2024-09-07T13:50:47.165Z,20.42.65.85,443,172.20.165.17,52040,TCP,60,376999264,1343226493,10,637,e484,e00af690bdbbb01f8c2cc030080045000028ece400003f06e846142a4155...,No
2024-09-07T13:50:47.164Z,20.42.65.85,443,172.20.165.17,52040,TCP,60,376998353,1343226496,10,640,e810,e00af690bdbbb01f8c2cc030080045000028ece300003f06e847142a4155...,No
2024-09-07T13:50:47.163Z,20.42.65.85,443,172.20.165.17,52040,TCP,60,376998314,1343226496,10,640,e837,e00af690bdbb68e59e61f51f080045000028ece200003f06e848142a4155...,No
2024-09-07T13:50:47.293Z,20.42.73.28,443,172.20.165.17,54110,TCP,93,1215456181,1343750784,18,640,818b,e00af690bdbb68e59e61f51f08004500004f61ee00003f066b4f142a491c...,No
2024-09-07T13:50:47.344Z,172.20.165.17,54110,20.42.73.28,443,TCP,54,399848820,1343226368,10,512,30de,68e59e61f51fe00af690bdbb08004500002892d040008006b993ac14a511...,No
2024-09-07T13:50:47.379Z,20.42.65.85,443,172.20.165.17,52040,TCP,86,376999264,1343750784,18,640,1b04,e00af690bdbb68e59e61f51f080045000048ed4200003f06e7c8142a4155...,No
2024-09-07T13:50:47.438Z,172.20.165.17,52040,20.42.65.85,443,TCP,54,479565020,1343226368,10,512,e4e1,68e59e61f51fe00af690bdbb08004500002811344000800642f7ac14a511...,No
2024-09-07T13:50:47.503Z,20.42.73.28,443,172.20.165.17,54110,TCP,89,1215456181,1343750784,18,640,0612,e00af690bdbb68e59e61f51f08004500004b61f800003f066b49142a491c...,No
2024-09-07T13:50:47.564Z,172.20.165.17,54110,20.42.73.28,443,TCP,54,399848855,1343226368,10,512,30bb,68e59e61f51fe00af690bdbb08004500002892d140008006b992ac14a511...,No
2024-09-07T13:50:47.596Z,162.159.135.234,443,172.20.165.17,61130,TCP,167,37496745,1343750160,18,16,efdb,e00af690bdbb68e59e61f51f08004500009953c600003f06abe9a29f87ea...,No
2024-09-07T13:50:47.598Z,20.42.65.85,443,172.20.165.17,52040,TCP,93,376999264,1343750784,18,640,3fd8,e00af690bdbb68e59e61f51f08004500004fef8900003f06e57a142a4155...,No
2024-09-07T13:50:47.644Z,172.20.165.17,61130,162.159.135.234,443,TCP,54,3035198898,1343226368,10,512,ed1d,68e59e61f51fe00af690bdbb0800450000285b364000800623eaac14a511...,No
2024-09-07T13:50:47.647Z,172.20.165.17,52040,20.42.65.85,443,TCP,54,479565059,1343226368,10,512,e4ba,68e59e61f51fe00af690bdbb08004500002811354000800642f6ac14a511...,No
2024-09-07T13:50:47.759Z,20.42.73.28,443,172.20.165.17,54110,TCP,154,1215456181,1343750784,18,640,4309,e00af690bdbb68e59e61f51f08004500008c61fe00003f066b02142a491c...,No
2024-09-07T13:50:47.760Z,172.20.165.17,54110,20.42.73.28,443,TCP,89,399848955,1343750656,18,512,6ae5,68e59e61f51fe00af690bdbb08004500004b92d240008006b96eac14a511...,No
2024-09-07T13:50:47.762Z,20.42.73.28,443,172.20.165.17,54110,TCP,60,1215456216,1343226496,10,640,2fb4,e00af690bdbb68e59e61f51f08004500002861ff00003f066b65142a491c...,No
2024-09-07T13:50:47.863Z,20.42.65.85,443,172.20.165.17,52040,TCP,149,376999264,1343750784,18,640,be70,e00af690bdbb68e59e61f51f080045000087effd00003f06e4ce142a4155...,No
2024-09-07T13:50:47.865Z,172.20.165.17,52040,20.42.65.85,443,TCP,89,479565154,1343750656,18,512,ff0b,68e59e61f51fe00af690bdbb08004500004b11364000800642d2ac14a511...,No
2024-09-07T13:50:47.866Z,20.42.65.85,443,172.20.165.17,52040,TCP,60,376999299,1343226496,10,640,e3b8,e00af690bdbb68e59e61f51f080045000028f00000003f06e52a142a4155...,No
2024-09-07T13:50:47.871Z,162.159.135.234,443,172.20.165.17,61130,TCP,96,37496745,1343750160,18,16,f275,e00af690bdbb68e59e61f51f08004500005253dc00003f06ac1aa29f87ea...,No
2024-09-07T13:50:47.875Z,172.20.165.17,52040,20.42.65.85,443,TCP,134,479565154,1343750656,18,512,dfa1,68e59e61f51fe00af690bdbb08004500007811374000800642a4ac14a511...,No
2024-09-07T13:50:47.876Z,172.20.165.17,52040,20.42.65.85,443,TCP,931,479565154,1343750656,18,512,2e58,68e59e61f51fe00af690bdbb0800450003951138400080063f86ac14a511...,No
2024-09-07T13:50:47.877Z,20.42.65.85,443,172.20.165.17,52040,TCP,60,376999379,1343226496,10,640,e368,e00af690bdbb68e59e61f51f080045000028f00500003f06e525142a4155...,No
2024-09-07T13:50:47.878Z,20.42.65.85,443,172.20.165.17,52040,TCP,60,377000256,1343226493,10,637,dffe,e00af690bdbbb01f8c2cc030080045000028f00600003f06e524142a4155...,No
2024-09-07T13:50:47.919Z,172.20.165.17,61130,162.159.135.234,443,TCP,54,3035198940,1343226368,10,512,ecf3,68e59e61f51fe00af690bdbb0800450000285b374000800623e9ac14a511...,No
2024-09-07T13:50:48.439Z,20.42.65.85,443,172.20.165.17,52040,TCP,154,377000256,1343750784,18,640,4ff7,e00af690bdbb68e59e61f51f08004500008cf0ec00003f06e3da142a4155...,No
2024-09-07T13:50:48.469Z,172.20.165.17,52040,20.42.65.85,443,TCP,54,479565254,1343226367,10,511,e018,68e59e61f51fe00af690bdbb08004500002811394000800642f2ac14a511...,No
2024-09-07T13:50:48.480Z,172.20.165.17,52040,20.42.65.85,443,TCP,139,479565254,1343750655,18,511,3600,68e59e61f51fe00af690bdbb08004500007d113a40008006429cac14a511...,No
2024-09-07T13:50:48.481Z,172.20.165.17,52040,20.42.65.85,443,TCP,930,479565254,1343750655,18,511,7825,68e59e61f51fe00af690bdbb080045000394113b400080063f84ac14a511...,No
2024-09-07T13:50:48.483Z,20.42.65.85,443,172.20.165.17,52040,TCP,60,377001217,1343226493,10,637,dbd9,e00af690bdbbb01f8c2cc030080045000028f11e00003f06e40c142a4155...,No
2024-09-07T13:50:48.482Z,20.42.65.85,443,172.20.165.17,52040,TCP,60,377000341,1343226496,10,640,df42,e00af690bdbb68e59e61f51f080045000028f11d00003f06e40d142a4155...,No
2024-09-07T13:50:48.713Z,20.42.65.85,443,172.20.165.17,52040,TCP,86,377001217,1343750784,18,640,5ff7,e00af690bdbb68e59e61f51f080045000048f18900003f06e381142a4155...,No
2024-09-07T13:50:48.754Z,172.20.165.17,52040,20.42.65.85,443,TCP,54,479565286,1343226367,10,511,dc37,68e59e61f51fe00af690bdbb080045000028113c4000800642efac14a511...,No
2024-09-07T13:50:48.932Z,20.42.65.85,443,172.20.165.17,52040,TCP,154,377001217,1343750784,18,640,ca62,e00af690bdbb68e59e61f51f08004500008cf1e900003f06e2dd142a4155...,No
2024-09-07T13:50:48.972Z,172.20.165.17,52040,20.42.65.85,443,TCP,54,479565386,1343226367,10,511,dbd3,68e59e61f51fe00af690bdbb080045000028113d4000800642eeac14a511...,No
2024-09-07T13:50:49.128Z,172.20.165.17,54110,20.42.73.28,443,TCP,1436,399848955,1343226368,10,512,c569,68e59e61f51fe00af690bdbb08004500058e92d440008006b429ac14a511...,No
2024-09-07T13:50:49.130Z,172.20.165.17,54110,20.42.73.28,443,TCP,1436,399848955,1343226368,10,512,abbd,68e59e61f51fe00af690bdbb08004500058e92d640008006b427ac14a511...,No
2024-09-07T13:50:49.126Z,172.20.165.17,54110,20.42.73.28,443,TCP,173,399848955,1343750656,18,512,7496,68e59e61f51fe00af690bdbb08004500009f92d340008006b919ac14a511...,No
2024-09-07T13:50:49.129Z,172.20.165.17,54110,20.42.73.28,443,TCP,1436,399848955,1343226368,10,512,638d,68e59e61f51fe00af690bdbb08004500058e92d540008006b428ac14a511...,No
2024-09-07T13:50:49.131Z,172.20.165.17,54110,20.42.73.28,443,TCP,1436,399848955,1343226368,10,512,8e83,68e59e61f51fe00af690bdbb08004500058e92d740008006b426ac14a511...,No
2024-09-07T13:50:49.131Z,172.20.165.17,54110,20.42.73.28,443,TCP,1436,399848955,1343226368,10,512,0205,68e59e61f51fe00af690bdbb08004500058e92d840008006b425ac14a511...,No
2024-09-07T13:50:49.132Z,172.20.165.17,54110,20.42.73.28,443,TCP,1436,399848955,1343226368,10,512,4ce4,68e59e61f51fe00af690bdbb08004500058e92d940008006b424ac14a511...,No
2024-09-07T13:50:49.135Z,172.20.165.17,54110,20.42.73.28,443,TCP,1436,399848955,1343226368,10,512,3a3d,68e59e61f51fe00af690bdbb08004500058e92dd40008006b420ac14a511...,No
2024-09-07T13:50:49.136Z,172.20.165.17,54110,20.42.73.28,443,TCP,1436,399848955,1343226368,10,512,b31c,68e59e61f51fe00af690bdbb08004500058e92de40008006b41fac14a511...,No
2024-09-07T13:50:49.134Z,172.20.165.17,54110,20.42.73.28,443,TCP,1436,399848955,1343226368,10,512,9bf9,68e59e61f51fe00af690bdbb08004500058e92db40008006b422ac14a511...,No
2024-09-07T13:50:49.135Z,172.20.165.17,54110,20.42.73.28,443,TCP,1436,399848955,1343226368,10,512,320e,68e59e61f51fe00af690bdbb08004500058e92dc40008006b421ac14a511...,No
2024-09-07T13:50:49.137Z,172.20.165.17,54110,20.42.73.28,443,TCP,1258,399848955,1343750656,18,512,46f9,68e59e61f51fe00af690bdbb0800450004dc92df40008006b4d0ac14a511...,No
2024-09-07T13:50:49.133Z,172.20.165.17,54110,20.42.73.28,443,TCP,1436,399848955,1343226368,10,512,be18,68e59e61f51fe00af690bdbb08004500058e92da40008006b423ac14a511...,No
2024-09-07T13:50:49.139Z,20.42.73.28,443,172.20.165.17,54110,TCP,60,1215456335,1343226496,10,640,2f3d,e00af690bdbb68e59e61f51f08004500002862d900003f066a8b142a491c...,No
2024-09-07T13:50:49.138Z,172.20.165.17,54110,20.42.73.28,443,TCP,1436,399848955,1343226368,10,512,1489,68e59e61f51fe00af690bdbb08004500058e92e040008006b41dac14a511...,No
2024-09-07T13:50:49.139Z,172.20.165.17,54110,20.42.73.28,443,TCP,431,399848955,1343750656,18,512,bdff,68e59e61f51fe00af690bdbb0800450001a192e140008006b809ac14a511...,No
2024-09-07T13:50:49.141Z,20.42.73.28,443,172.20.165.17,54110,TCP,60,1215459099,1343226490,10,634,2477,e00af690bdbbb01f8c2cc03008004500002862db00003f066a89142a491c...,No
2024-09-07T13:50:49.141Z,20.42.73.28,443,172.20.165.17,54110,TCP,60,1215460481,1343226485,10,629,1f16,e00af690bdbbb01f8c2cc03008004500002862dc00003f066a88142a491c...,No
2024-09-07T13:50:49.140Z,20.42.73.28,443,172.20.165.17,54110,TCP,60,1215457717,1343226491,10,635,29dc,e00af690bdbbb01f8c2cc03008004500002862da00003f066a8a142a491c...,No
2024-09-07T13:50:49.142Z,20.42.73.28,443,172.20.165.17,54110,TCP,60,1215461863,1343226490,10,634,19ab,e00af690bdbbb01f8c2cc03008004500002862dd00003f066a87142a491c...,No
2024-09-07T13:50:49.146Z,20.42.73.28,443,172.20.165.17,54110,TCP,60,1215464627,1343226480,10,624,0ee9,e00af690bdbbb01f8c2cc03008004500002862df00003f066a85142a491c...,No
2024-09-07T13:50:49.144Z,20.42.73.28,443,172.20.165.17,54110,TCP,60,1215463245,1343226485,10,629,144a,e00af690bdbbb01f8c2cc03008004500002862de00003f066a86142a491c...,No
2024-09-07T13:50:49.147Z,20.42.73.28,443,172.20.165.17,54110,TCP,60,1215466009,1343226490,10,634,0979,e00af690bdbbb01f8c2cc03008004500002862e000003f066a84142a491c...,No
2024-09-07T13:50:49.149Z,20.42.73.28,443,172.20.165.17,54110,TCP,60,1215467391,1343226485,10,629,0418,e00af690bdbbb01f8c2cc03008004500002862e100003f066a83142a491c...,No
2024-09-07T13:50:49.150Z,20.42.73.28,443,172.20.165.17,54110,TCP,60,1215468773,1343226480,10,624,feb6,e00af690bdbbb01f8c2cc03008004500002862e200003f066a82142a491c...,No
2024-09-07T13:50:49.155Z,20.42.73.28,443,172.20.165.17,54110,TCP,60,1215471537,1343226490,10,634,f3e0,e00af690bdbb68e59e61f51f08004500002862e400003f066a80142a491c...,No
2024-09-07T13:50:49.157Z,172.20.165.17,54110,20.42.73.28,443,TCP,1436,399848955,1343750656,18,512,689d,68e59e61f51fe00af690bdbb08004500058e92e240008006b41bac14a511...,No
2024-09-07T13:50:49.153Z,20.42.73.28,443,172.20.165.17,54110,TCP,60,1215470155,1343226490,10,634,f946,e00af690bdbbb01f8c2cc03008004500002862e300003f066a81142a491c...,No
2024-09-07T13:50:49.160Z,20.42.73.28,443,172.20.165.17,54110,TCP,60,1215472741,1343226490,10,634,ef2c,e00af690bdbb68e59e61f51f08004500002862e700003f066a7d142a491c...,No
2024-09-07T13:50:49.161Z,20.42.73.28,443,172.20.165.17,54110,TCP,60,1215474123,1343226490,10,634,e9c6,e00af690bdbbb01f8c2cc03008004500002862e800003f066a7c142a491c...,No
2024-09-07T13:50:49.163Z,20.42.73.28,443,172.20.165.17,54110,TCP,60,1215474500,1343226489,10,633,e84e,e00af690bdbbb01f8c2cc03008004500002862e900003f066a7b142a491c...,No
2024-09-07T13:50:49.165Z,20.42.73.28,443,172.20.165.17,54110,TCP,66,1215474500,2148532857,10,633,d02f,e00af690bdbbb01f8c2cc03008004500003462ea00003f066a6e142a491c...,No
2024-09-07T13:50:49.554Z,20.42.73.28,443,172.20.165.17,54110,TCP,148,1215474500,1343750784,18,640,1699,e00af690bdbb68e59e61f51f080045000086630c00003f0669fa142a491c...,No
2024-09-07T13:50:49.618Z,172.20.165.17,54110,20.42.73.28,443,TCP,54,399849049,1343226367,10,511,e86a,68e59e61f51fe00af690bdbb08004500002892e340008006b980ac14a511...,No
2024-09-07T13:50:49.786Z,162.159.135.234,443,172.20.165.17,61130,TCP,194,37496745,1343750160,18,16,e8d5,e00af690bdbb68e59e61f51f0800450000b4545100003f06ab43a29f87ea...,No
2024-09-07T13:50:49.827Z,172.20.165.17,61130,162.159.135.234,443,TCP,54,3035199080,1343226368,10,512,ec67,68e59e61f51fe00af690bdbb0800450000285b384000800623e8ac14a511...,No
2024-09-07T13:50:50.004Z,162.159.135.234,443,172.20.165.17,61130,TCP,607,37496745,1343750160,18,16,3077,e00af690bdbb68e59e61f51f080045000251545800003f06a99fa29f87ea...,No
2024-09-07T13:50:50.048Z,172.20.165.17,61130,162.159.135.234,443,TCP,54,3035199633,1343226365,10,509,ea41,68e59e61f51fe00af690bdbb0800450000285b394000800623e7ac14a511...,No
2024-09-07T13:51:49.928Z,140.82.114.21,443,172.20.165.17,54488,TCP,102,2584884533,1343750304,18,160,3199,e00af690bdbb68e59e61f51f080045000058df8500003f064c8d8c527215...,No
2024-09-07T13:51:49.981Z,172.20.165.17,54488,140.82.114.21,443,TCP,54,4042953237,1343226365,10,509,355e,68e59e61f51fe00af690bdbb080045000028e85840008006c2e9ac14a511...,No
2024-09-07T13:51:50.109Z,162.159.135.234,443,172.20.165.17,61130,TCP,251,37499218,1343750160,18,16,5db8,e00af690bdbb68e59e61f51f0800450000ed629b00003f069cc0a29f87ea...,No
2024-09-07T13:51:50.153Z,172.20.165.17,61130,162.159.135.234,443,TCP,54,3035210253,1343226365,10,509,b71c,68e59e61f51fe00af690bdbb0800450000285b8f400080062391ac14a511...,No
2024-09-07T13:51:50.182Z,140.82.114.21,443,172.20.165.17,54488,TCP,102,2584884533,1343750304,18,160,f8d2,e00af690bdbb68e59e61f51f080045000058df9800003f064c7a8c527215...,No
2024-09-07T13:51:50.247Z,172.20.165.17,54488,140.82.114.21,443,TCP,54,4042953285,1343226365,10,509,352e,68e59e61f51fe00af690bdbb080045000028e85940008006c2e8ac14a511...,No
2024-09-07T13:51:50.251Z,140.82.114.21,443,172.20.165.17,54488,TCP,102,2584884533,1343750304,18,160,508a,e00af690bdbb68e59e61f51f080045000058df9e00003f064c748c527215...,No
2024-09-07T13:51:50.302Z,172.20.165.17,54488,140.82.114.21,443,TCP,54,4042953333,1343226365,10,509,34fe,68e59e61f51fe00af690bdbb080045000028e85a40008006c2e7ac14a511...,No
2024-09-07T13:51:50.439Z,140.82.114.21,443,172.20.165.17,54488,TCP,102,2584884533,1343750304,18,160,e4ca,e00af690bdbb68e59e61f51f080045000058dfac00003f064c668c527215...,No
2024-09-07T13:51:50.446Z,162.159.135.234,443,172.20.165.17,61130,TCP,199,37499218,1343750160,18,16,c57b,e00af690bdbb68e59e61f51f0800450000b962bb00003f069cd4a29f87ea...,No
2024-09-07T13:51:50.492Z,172.20.165.17,54488,140.82.114.21,443,TCP,54,4042953381,1343226365,10,509,34ce,68e59e61f51fe00af690bdbb080045000028e85b40008006c2e6ac14a511...,No
2024-09-07T13:51:50.494Z,172.20.165.17,61130,162.159.135.234,443,TCP,54,3035210398,1343226364,10,508,b68c,68e59e61f51fe00af690bdbb0800450000285b90400080062390ac14a511...,No
2024-09-07T13:51:50.515Z,162.159.135.234,443,172.20.165.17,61130,TCP,214,37499218,1343750160,18,16,0695,e00af690bdbb68e59e61f51f0800450000c862bc00003f069cc4a29f87ea...,No
2024-09-07T13:51:50.562Z,172.20.165.17,61130,162.159.135.234,443,TCP,54,3035210558,1343226364,10,508,b5ec,68e59e61f51fe00af690bdbb0800450000285b9140008006238fac14a511...,No
2024-09-07T13:51:50.597Z,172.20.165.17,54488,140.82.114.21,443,TCP,1436,4042953381,1343226365,10,509,fa29,68e59e61f51fe00af690bdbb08004500058ee85c40008006bd7fac14a511...,No
2024-09-07T13:51:50.599Z,172.20.165.17,54488,140.82.114.21,443,TCP,1436,4042953381,1343226365,10,509,9a24,68e59e61f51fe00af690bdbb08004500058ee85d40008006bd7eac14a511...,No
2024-09-07T13:51:50.600Z,172.20.165.17,54488,140.82.114.21,443,TCP,1436,4042953381,1343226365,10,509,af3d,68e59e61f51fe00af690bdbb08004500058ee85e40008006bd7dac14a511...,No
2024-09-07T13:51:50.601Z,172.20.165.17,54488,140.82.114.21,443,TCP,1436,4042953381,1343226365,10,509,ecab,68e59e61f51fe00af690bdbb08004500058ee85f40008006bd7cac14a511...,No
2024-09-07T13:51:50.602Z,172.20.165.17,54488,140.82.114.21,443,TCP,1436,4042953381,1343226365,10,509,0b8f,68e59e61f51fe00af690bdbb08004500058ee86040008006bd7bac14a511...,No
2024-09-07T13:51:50.603Z,172.20.165.17,54488,140.82.114.21,443,TCP,1436,4042953381,1343226365,10,509,0bf6,68e59e61f51fe00af690bdbb08004500058ee86140008006bd7aac14a511...,No
2024-09-07T13:51:50.604Z,172.20.165.17,54488,140.82.114.21,443,TCP,1436,4042953381,1343226365,10,509,9e7a,68e59e61f51fe00af690bdbb08004500058ee86240008006bd79ac14a511...,No
2024-09-07T13:51:50.605Z,172.20.165.17,54488,140.82.114.21,443,TCP,1436,4042953381,1343226365,10,509,6437,68e59e61f51fe00af690bdbb08004500058ee86440008006bd77ac14a511...,No
2024-09-07T13:51:50.605Z,172.20.165.17,54488,140.82.114.21,443,TCP,1436,4042953381,1343226365,10,509,6fb5,68e59e61f51fe00af690bdbb08004500058ee86340008006bd78ac14a511...,No
2024-09-07T13:51:50.609Z,172.20.165.17,54488,140.82.114.21,443,TCP,1436,4042953381,1343226365,10,509,590a,68e59e61f51fe00af690bdbb08004500058ee86740008006bd74ac14a511...,No
2024-09-07T13:51:50.606Z,172.20.165.17,54488,140.82.114.21,443,TCP,1436,4042953381,1343226365,10,509,6ccf,68e59e61f51fe00af690bdbb08004500058ee86540008006bd76ac14a511...,No
2024-09-07T13:51:50.610Z,172.20.165.17,54488,140.82.114.21,443,TCP,1436,4042953381,1343226365,10,509,7e94,68e59e61f51fe00af690bdbb08004500058ee86840008006bd73ac14a511...,No
2024-09-07T13:51:50.611Z,172.20.165.17,54488,140.82.114.21,443,TCP,1436,4042953381,1343226365,10,509,2f60,68e59e61f51fe00af690bdbb08004500058ee86a40008006bd71ac14a511...,No
2024-09-07T13:51:50.610Z,172.20.165.17,54488,140.82.114.21,443,TCP,1436,4042953381,1343226365,10,509,f0c3,68e59e61f51fe00af690bdbb08004500058ee86940008006bd72ac14a511...,No
2024-09-07T13:51:50.612Z,172.20.165.17,54488,140.82.114.21,443,TCP,1436,4042953381,1343226365,10,509,87d2,68e59e61f51fe00af690bdbb08004500058ee86b40008006bd70ac14a511...,No
2024-09-07T13:51:50.607Z,172.20.165.17,54488,140.82.114.21,443,TCP,1436,4042953381,1343226365,10,509,639e,68e59e61f51fe00af690bdbb08004500058ee86640008006bd75ac14a511...,No
2024-09-07T13:51:50.612Z,140.82.114.21,443,172.20.165.17,54488,TCP,60,2584885915,1343226015,10,159,30c6,e00af690bdbb68e59e61f51f080045000028dfb100003f064c918c527215...,No
2024-09-07T13:51:50.613Z,172.20.165.17,54488,140.82.114.21,443,TCP,1436,4042953381,1343226365,10,509,e547,68e59e61f51fe00af690bdbb08004500058ee86c40008006bd6fac14a511...,No
2024-09-07T13:51:50.615Z,140.82.114.21,443,172.20.165.17,54488,TCP,60,2584887297,1343226014,10,158,2b61,e00af690bdbbb01f8c2cc030080045000028dfb200003f064c908c527215...,No
2024-09-07T13:51:50.617Z,140.82.114.21,443,172.20.165.17,54488,TCP,60,2584890061,1343226015,10,159,2094,e00af690bdbbb01f8c2cc030080045000028dfb400003f064c8e8c527215...,No
2024-09-07T13:51:50.617Z,140.82.114.21,443,172.20.165.17,54488,TCP,60,2584891443,1343226015,10,159,1b2e,e00af690bdbbb01f8c2cc030080045000028dfb500003f064c8d8c527215...,No
2024-09-07T13:51:50.618Z,140.82.114.21,443,172.20.165.17,54488,TCP,60,2584892825,1343226015,10,159,15c8,e00af690bdbbb01f8c2cc030080045000028dfb600003f064c8c8c527215...,No
2024-09-07T13:51:50.616Z,140.82.114.21,443,172.20.165.17,54488,TCP,60,2584888679,1343226015,10,159,25fa,e00af690bdbbb01f8c2cc030080045000028dfb300003f064c8f8c527215...,No
2024-09-07T13:51:50.621Z,140.82.114.21,443,172.20.165.17,54488,TCP,60,2584896971,1343226015,10,159,0596,e00af690bdbbb01f8c2cc030080045000028dfb900003f064c898c527215...,No
2024-09-07T13:51:50.619Z,140.82.114.21,443,172.20.165.17,54488,TCP,60,2584894207,1343226014,10,158,1063,e00af690bdbbb01f8c2cc030080045000028dfb700003f064c8b8c527215...,No
2024-09-07T13:51:50.620Z,140.82.114.21,443,172.20.165.17,54488,TCP,60,2584895589,1343226013,10,157,0afe,e00af690bdbbb01f8c2cc030080045000028dfb800003f064c8a8c527215...,No
2024-09-07T13:51:50.622Z,172.20.165.17,54488,140.82.114.21,443,TCP,1436,4042953381,1343226365,10,509,4d54,68e59e61f51fe00af690bdbb08004500058ee86d40008006bd6eac14a511...,No
2024-09-07T13:51:50.622Z,172.20.165.17,54488,140.82.114.21,443,TCP,231,4042953381,1343750653,18,509,a6a8,68e59e61f51fe00af690bdbb0800450000d9e86e40008006c222ac14a511...,No
2024-09-07T13:51:50.625Z,140.82.114.21,443,172.20.165.17,54488,TCP,60,2584901117,1343226015,10,159,f563,e00af690bdbb68e59e61f51f080045000028dfbc00003f064c868c527215...,No
2024-09-07T13:51:50.623Z,140.82.114.21,443,172.20.165.17,54488,TCP,60,2584898353,1343226015,10,159,0030,e00af690bdbbb01f8c2cc030080045000028dfba00003f064c888c527215...,No
2024-09-07T13:51:50.624Z,140.82.114.21,443,172.20.165.17,54488,TCP,60,2584899735,1343226015,10,159,fac9,e00af690bdbbb01f8c2cc030080045000028dfbb00003f064c878c527215...,No
2024-09-07T13:51:50.627Z,140.82.114.21,443,172.20.165.17,54488,TCP,60,2584905263,1343226015,10,159,e531,e00af690bdbbb01f8c2cc030080045000028dfbf00003f064c838c527215...,No
2024-09-07T13:51:50.625Z,140.82.114.21,443,172.20.165.17,54488,TCP,60,2584902499,1343226014,10,158,effe,e00af690bdbbb01f8c2cc030080045000028dfbd00003f064c858c527215...,No
2024-09-07T13:51:50.627Z,140.82.114.21,443,172.20.165.17,54488,TCP,60,2584903881,1343226013,10,157,ea99,e00af690bdbbb01f8c2cc030080045000028dfbe00003f064c848c527215...,No
2024-09-07T13:51:50.628Z,140.82.114.21,443,172.20.165.17,54488,TCP,60,2584906645,1343226014,10,158,dfcc,e00af690bdbbb01f8c2cc030080045000028dfc000003f064c828c527215...,No
2024-09-07T13:51:50.629Z,140.82.114.21,443,172.20.165.17,54488,TCP,60,2584909586,1343226012,10,156,d451,e00af690bdbbb01f8c2cc030080045000028dfc100003f064c818c527215...,No
2024-09-07T13:51:50.758Z,162.159.135.234,443,172.20.165.17,61130,TCP,379,37499218,1343750160,18,16,3eb7,e00af690bdbb68e59e61f51f08004500016d62cf00003f069c0ca29f87ea...,No
2024-09-07T13:51:50.801Z,172.20.165.17,61130,162.159.135.234,443,TCP,54,3035210883,1343226368,10,512,b4a3,68e59e61f51fe00af690bdbb0800450000285b9240008006238eac14a511...,No
2024-09-07T13:51:50.802Z,162.159.135.234,443,172.20.165.17,61130,TCP,240,37499218,1343750160,18,16,499f,e00af690bdbb68e59e61f51f0800450000e262d100003f069c95a29f87ea...,No
2024-09-07T13:51:50.826Z,140.82.114.21,443,172.20.165.17,54488,TCP,521,2584909586,1343750304,18,160,5368,e00af690bdbb68e59e61f51f0800450001fbdfc800003f064aa78c527215...,No
2024-09-07T13:51:50.844Z,172.20.165.17,61130,162.159.135.234,443,TCP,54,3035211069,1343226368,10,512,b3e9,68e59e61f51fe00af690bdbb0800450000285b9340008006238dac14a511...,No
2024-09-07T13:51:50.863Z,172.20.165.17,54460,8.8.4.4,443,TCP,55,545077844,1343226366,10,510,1da3,68e59e61f51fe00af690bdbb080045000029d03f40008006cd5dac14a511...,No
2024-09-07T13:51:50.864Z,8.8.4.4,443,172.20.165.17,54460,TCP,66,3754107381,2148532472,10,248,e520,e00af690bdbb68e59e61f51f080045000034658900003f06b90908080404...,No
2024-09-07T13:51:50.868Z,172.20.165.17,54488,140.82.114.21,443,TCP,54,4042953848,1343226368,10,512,d11a,68e59e61f51fe00af690bdbb080045000028e86f40008006c2d2ac14a511...,No
2024-09-07T13:51:51.068Z,162.159.135.234,443,172.20.165.17,61130,TCP,126,37499218,1343750160,18,16,c59a,e00af690bdbb68e59e61f51f08004500007062e100003f069cf7a29f87ea...,No
2024-09-07T13:51:51.112Z,140.82.114.21,443,172.20.165.17,54488,TCP,102,2584909586,1343750304,18,160,6e6f,e00af690bdbb68e59e61f51f080045000058dfd700003f064c3b8c527215...,No
2024-09-07T13:51:51.116Z,172.20.165.17,61130,162.159.135.234,443,TCP,54,3035211141,1343226367,10,511,b3a2,68e59e61f51fe00af690bdbb0800450000285b9440008006238cac14a511...,No
2024-09-07T13:51:51.159Z,172.20.165.17,54488,140.82.114.21,443,TCP,54,4042953896,1343226368,10,512,d0ea,68e59e61f51fe00af690bdbb080045000028e87040008006c2d1ac14a511...,No
2024-09-07T13:51:51.443Z,140.82.114.21,443,172.20.165.17,54488,TCP,519,2584909586,1343750304,18,160,5d93,e00af690bdbb68e59e61f51f0800450001f9dff300003f064a7e8c527215...,No
2024-09-07T13:51:51.486Z,172.20.165.17,54488,140.82.114.21,443,TCP,54,4042954361,1343226366,10,510,cf1b,68e59e61f51fe00af690bdbb080045000028e87140008006c2d0ac14a511...,No
2024-09-07T13:51:51.658Z,162.159.135.234,443,172.20.165.17,61130,TCP,157,37499218,1343750160,18,16,703b,e00af690bdbb68e59e61f51f08004500008f62f100003f069cc8a29f87ea...,No
2024-09-07T13:51:51.704Z,172.20.165.17,61130,162.159.135.234,443,TCP,54,3035211244,1343226367,10,511,b33b,68e59e61f51fe00af690bdbb0800450000285b9540008006238bac14a511...,No
2024-09-07T13:51:52.135Z,172.20.165.17,52040,20.42.65.85,443,TCP,133,479566239,1343750651,18,507,7234,68e59e61f51fe00af690bdbb080045000077115a400080064282ac14a511...,No
2024-09-07T13:51:52.136Z,172.20.165.17,52040,20.42.65.85,443,TCP,93,479566239,1343750651,18,507,e89b,68e59e61f51fe00af690bdbb08004500004f115b4000800642a9ac14a511...,No
2024-09-07T13:51:52.137Z,172.20.165.17,52040,20.42.65.85,443,TCP,965,479566239,1343750651,18,507,5315,68e59e61f51fe00af690bdbb0800450003b7115c400080063f40ac14a511...,No
2024-09-07T13:51:52.144Z,20.42.65.85,443,172.20.165.17,52040,TCP,60,377007279,1343226496,10,640,c04f,e00af690bdbb68e59e61f51f08004500002810ee00003f06c43d142a4155...,No
2024-09-07T13:51:52.151Z,172.20.165.17,54110,20.42.73.28,443,TCP,167,399849809,1343750652,18,508,0739,68e59e61f51fe00af690bdbb080045000099931f40008006b8d3ac14a511...,No
2024-09-07T13:51:52.149Z,20.42.65.85,443,172.20.165.17,52040,TCP,60,377007318,1343226496,10,640,c028,e00af690bdbbb01f8c2cc03008004500002810ef00003f06c43c142a4155...,No
2024-09-07T13:51:52.156Z,172.20.165.17,54110,20.42.73.28,443,TCP,1436,399849809,1343226364,10,508,e22f,68e59e61f51fe00af690bdbb08004500058e932140008006b3dcac14a511...,No
2024-09-07T13:51:52.150Z,20.42.65.85,443,172.20.165.17,52040,TCP,60,377008229,1343226493,10,637,bc9c,e00af690bdbbb01f8c2cc03008004500002810f000003f06c43b142a4155...,No
2024-09-07T13:51:52.157Z,172.20.165.17,54110,20.42.73.28,443,TCP,1436,399849809,1343226364,10,508,0c9b,68e59e61f51fe00af690bdbb08004500058e932240008006b3dbac14a511...,No
2024-09-07T13:51:52.160Z,172.20.165.17,54110,20.42.73.28,443,TCP,1436,399849809,1343226364,10,508,8946,68e59e61f51fe00af690bdbb08004500058e932440008006b3d9ac14a511...,No
2024-09-07T13:51:52.158Z,172.20.165.17,54110,20.42.73.28,443,TCP,1436,399849809,1343226364,10,508,9a12,68e59e61f51fe00af690bdbb08004500058e932340008006b3daac14a511...,No
2024-09-07T13:51:52.162Z,172.20.165.17,54110,20.42.73.28,443,TCP,1436,399849809,1343226364,10,508,ca9f,68e59e61f51fe00af690bdbb08004500058e932640008006b3d7ac14a511...,No
2024-09-07T13:51:52.164Z,172.20.165.17,54110,20.42.73.28,443,TCP,1436,399849809,1343226364,10,508,4611,68e59e61f51fe00af690bdbb08004500058e932740008006b3d6ac14a511...,No
2024-09-07T13:51:52.166Z,172.20.165.17,54110,20.42.73.28,443,TCP,1436,399849809,1343226364,10,508,adc0,68e59e61f51fe00af690bdbb08004500058e932840008006b3d5ac14a511...,No
2024-09-07T13:51:52.168Z,172.20.165.17,54110,20.42.73.28,443,TCP,1436,399849809,1343226364,10,508,6324,68e59e61f51fe00af690bdbb08004500058e932940008006b3d4ac14a511...,No
2024-09-07T13:51:52.170Z,172.20.165.17,54110,20.42.73.28,443,TCP,1436,399849809,1343226364,10,508,5a40,68e59e61f51fe00af690bdbb08004500058e932a40008006b3d3ac14a511...,No
2024-09-07T13:51:52.154Z,172.20.165.17,54110,20.42.73.28,443,TCP,93,399849809,1343750652,18,508,1ef6,68e59e61f51fe00af690bdbb08004500004f932040008006b91cac14a511...,No
2024-09-07T13:51:52.173Z,172.20.165.17,54110,20.42.73.28,443,TCP,1258,399849809,1343750652,18,508,f1bf,68e59e61f51fe00af690bdbb0800450004dc932c40008006b483ac14a511...,No
2024-09-07T13:51:52.175Z,172.20.165.17,54110,20.42.73.28,443,TCP,1436,399849809,1343226364,10,508,b8be,68e59e61f51fe00af690bdbb08004500058e932d40008006b3d0ac14a511...,No
2024-09-07T13:51:52.172Z,172.20.165.17,54110,20.42.73.28,443,TCP,1436,399849809,1343226364,10,508,69d4,68e59e61f51fe00af690bdbb08004500058e932b40008006b3d2ac14a511...,No
2024-09-07T13:51:52.177Z,172.20.165.17,54110,20.42.73.28,443,TCP,431,399849809,1343750652,18,508,10be,68e59e61f51fe00af690bdbb0800450001a1932e40008006b7bcac14a511...,No
2024-09-07T13:51:52.179Z,20.42.73.28,443,172.20.165.17,54110,TCP,60,1215527701,1343226496,10,640,1520,e00af690bdbb68e59e61f51f0800450000287feb00003f064d79142a491c...,No
2024-09-07T13:51:52.182Z,20.42.73.28,443,172.20.165.17,54110,TCP,60,1215529122,1343226491,10,635,0f98,e00af690bdbbb01f8c2cc0300800450000287fed00003f064d77142a491c...,No
2024-09-07T13:51:52.161Z,172.20.165.17,54110,20.42.73.28,443,TCP,1436,399849809,1343226364,10,508,0963,68e59e61f51fe00af690bdbb08004500058e932540008006b3d8ac14a511...,No
2024-09-07T13:51:52.184Z,20.42.73.28,443,172.20.165.17,54110,TCP,60,1215530504,1343226490,10,634,0a33,e00af690bdbbb01f8c2cc0300800450000287fee00003f064d76142a491c...,No
2024-09-07T13:51:52.186Z,20.42.73.28,443,172.20.165.17,54110,TCP,60,1215531886,1343226490,10,634,04cd,e00af690bdbbb01f8c2cc0300800450000287fef00003f064d75142a491c...,No
2024-09-07T13:51:52.187Z,20.42.73.28,443,172.20.165.17,54110,TCP,60,1215533268,1343226485,10,629,ff6b,e00af690bdbbb01f8c2cc0300800450000287ff000003f064d74142a491c...,No
2024-09-07T13:51:52.188Z,20.42.73.28,443,172.20.165.17,54110,TCP,60,1215534650,1343226490,10,634,fa00,e00af690bdbbb01f8c2cc0300800450000287ff100003f064d73142a491c...,No
2024-09-07T13:51:52.189Z,20.42.73.28,443,172.20.165.17,54110,TCP,60,1215536032,1343226485,10,629,f49f,e00af690bdbbb01f8c2cc0300800450000287ff200003f064d72142a491c...,No
2024-09-07T13:51:52.180Z,20.42.73.28,443,172.20.165.17,54110,TCP,60,1215527740,1343226496,10,640,14f9,e00af690bdbbb01f8c2cc0300800450000287fec00003f064d78142a491c...,No
2024-09-07T13:51:52.192Z,20.42.73.28,443,172.20.165.17,54110,TCP,60,1215538796,1343226490,10,634,e9ce,e00af690bdbbb01f8c2cc0300800450000287ff400003f064d70142a491c...,No
2024-09-07T13:51:52.193Z,20.42.73.28,443,172.20.165.17,54110,TCP,60,1215540178,1343226485,10,629,e46d,e00af690bdbbb01f8c2cc0300800450000287ff500003f064d6f142a491c...,No
2024-09-07T13:51:52.195Z,20.42.73.28,443,172.20.165.17,54110,TCP,60,1215542942,1343226490,10,634,d99c,e00af690bdbb68e59e61f51f0800450000287ff800003f064d6c142a491c...,No
2024-09-07T13:51:52.193Z,20.42.73.28,443,172.20.165.17,54110,TCP,60,1215541560,1343226490,10,634,df02,e00af690bdbbb01f8c2cc0300800450000287ff600003f064d6e142a491c...,No
2024-09-07T13:51:52.196Z,20.42.73.28,443,172.20.165.17,54110,TCP,60,1215544146,1343226486,10,630,d4ec,e00af690bdbbb01f8c2cc0300800450000287ff900003f064d6b142a491c...,No
2024-09-07T13:51:52.197Z,20.42.73.28,443,172.20.165.17,54110,TCP,60,1215545528,1343226490,10,634,cf82,e00af690bdbbb01f8c2cc0300800450000287ffa00003f064d6a142a491c...,No
2024-09-07T13:51:52.198Z,20.42.73.28,443,172.20.165.17,54110,TCP,60,1215545905,1343226489,10,633,ce0a,e00af690bdbbb01f8c2cc0300800450000287ffb00003f064d69142a491c...,No
2024-09-07T13:51:52.191Z,20.42.73.28,443,172.20.165.17,54110,TCP,60,1215537414,1343226490,10,634,ef34,e00af690bdbbb01f8c2cc0300800450000287ff300003f064d71142a491c...,No
